"","ID","X","Y"
"1",1,634483.750768781,3925765.14488751
"2",2,634483.750768781,3925765.14488751
"3",3,634483.750768781,3925765.14488751
"4",4,634483.750768781,3925765.14488751
"5",5,634483.750768781,3925765.14488751
"6",6,634483.750768781,3925765.14488751
"7",7,634483.750768781,3925765.14488751
"8",8,634483.750768781,3925765.14488751
"9",9,634483.750768781,3925765.14488751
"10",10,634483.750768781,3925765.14488751
"11",11,634483.750768781,3925765.14488751
"12",12,634483.750768781,3925765.14488751
"13",13,634596.526116484,3925792.04473457
"14",14,634596.526116484,3925792.04473457
"15",15,634596.526116484,3925792.04473457
"16",16,634596.526116484,3925792.04473457
"17",17,634596.526116484,3925792.04473457
"18",18,634596.526116484,3925792.04473457
"19",19,634596.526116484,3925792.04473457
"20",20,634596.526116484,3925792.04473457
"21",21,634596.526116484,3925792.04473457
"22",22,634596.526116484,3925792.04473457
"23",23,634596.526116484,3925792.04473457
"24",24,634596.526116484,3925792.04473457
"25",25,634713.28509665,3925795.41964509
"26",26,634713.28509665,3925795.41964509
"27",27,634713.28509665,3925795.41964509
"28",28,634713.28509665,3925795.41964509
"29",29,634713.28509665,3925795.41964509
"30",30,634713.28509665,3925795.41964509
"31",31,634713.28509665,3925795.41964509
"32",32,634713.28509665,3925795.41964509
"33",33,634713.28509665,3925795.41964509
"34",34,634713.28509665,3925795.41964509
"35",35,634713.28509665,3925795.41964509
"36",36,634713.28509665,3925795.41964509
"37",37,634768.348036892,3925797.35731776
"38",38,634768.348036892,3925797.35731776
"39",39,634768.348036892,3925797.35731776
"40",40,634768.348036892,3925797.35731776
"41",41,634768.348036892,3925797.35731776
"42",42,634768.348036892,3925797.35731776
"43",43,634768.348036892,3925797.35731776
"44",44,634768.348036892,3925797.35731776
"45",45,634768.348036892,3925797.35731776
"46",46,634768.348036892,3925797.35731776
"47",47,634768.348036892,3925797.35731776
"48",48,634768.348036892,3925797.35731776
"49",49,634910.820522199,3925798.86957603
"50",50,634910.820522199,3925798.86957603
"51",51,634910.820522199,3925798.86957603
"52",52,634910.820522199,3925798.86957603
"53",53,634910.820522199,3925798.86957603
"54",54,634910.820522199,3925798.86957603
"55",55,634910.820522199,3925798.86957603
"56",56,634910.820522199,3925798.86957603
"57",57,634910.820522199,3925798.86957603
"58",58,634910.820522199,3925798.86957603
"59",59,634910.820522199,3925798.86957603
"60",60,634910.820522199,3925798.86957603
"61",61,634319.916220472,3925911.09372172
"62",62,634319.916220472,3925911.09372172
"63",63,634319.916220472,3925911.09372172
"64",64,634319.916220472,3925911.09372172
"65",65,634319.916220472,3925911.09372172
"66",66,634319.916220472,3925911.09372172
"67",67,634319.916220472,3925911.09372172
"68",68,634319.916220472,3925911.09372172
"69",69,634319.916220472,3925911.09372172
"70",70,634319.916220472,3925911.09372172
"71",71,634319.916220472,3925911.09372172
"72",72,634319.916220472,3925911.09372172
"73",73,634475.979641615,3925889.81577745
"74",74,634475.979641615,3925889.81577745
"75",75,634475.979641615,3925889.81577745
"76",76,634475.979641615,3925889.81577745
"77",77,634475.979641615,3925889.81577745
"78",78,634475.979641615,3925889.81577745
"79",79,634475.979641615,3925889.81577745
"80",80,634475.979641615,3925889.81577745
"81",81,634475.979641615,3925889.81577745
"82",82,634475.979641615,3925889.81577745
"83",83,634475.979641615,3925889.81577745
"84",84,634475.979641615,3925889.81577745
"85",85,634634.930925826,3925911.96228099
"86",86,634634.930925826,3925911.96228099
"87",87,634634.930925826,3925911.96228099
"88",88,634634.930925826,3925911.96228099
"89",89,634634.930925826,3925911.96228099
"90",90,634634.930925826,3925911.96228099
"91",91,634634.930925826,3925911.96228099
"92",92,634634.930925826,3925911.96228099
"93",93,634634.930925826,3925911.96228099
"94",94,634634.930925826,3925911.96228099
"95",95,634634.930925826,3925911.96228099
"96",96,634634.930925826,3925911.96228099
"97",97,634634.930925826,3925911.96228099
"98",98,634634.930925826,3925911.96228099
"99",99,634634.930925826,3925911.96228099
"100",100,634634.930925826,3925911.96228099
"101",101,634634.930925826,3925911.96228099
"102",102,634634.930925826,3925911.96228099
"103",103,634634.930925826,3925911.96228099
"104",104,634634.930925826,3925911.96228099
"105",105,634634.930925826,3925911.96228099
"106",106,634634.930925826,3925911.96228099
"107",107,634634.930925826,3925911.96228099
"108",108,634634.930925826,3925911.96228099
"109",109,634803.071697211,3925908.43368325
"110",110,634803.071697211,3925908.43368325
"111",111,634803.071697211,3925908.43368325
"112",112,634803.071697211,3925908.43368325
"113",113,634803.071697211,3925908.43368325
"114",114,634803.071697211,3925908.43368325
"115",115,634803.071697211,3925908.43368325
"116",116,634803.071697211,3925908.43368325
"117",117,634803.071697211,3925908.43368325
"118",118,634803.071697211,3925908.43368325
"119",119,634803.071697211,3925908.43368325
"120",120,634803.071697211,3925908.43368325
"121",121,634803.071697211,3925908.43368325
"122",122,634803.071697211,3925908.43368325
"123",123,634803.071697211,3925908.43368325
"124",124,634803.071697211,3925908.43368325
"125",125,634803.071697211,3925908.43368325
"126",126,634803.071697211,3925908.43368325
"127",127,634803.071697211,3925908.43368325
"128",128,634803.071697211,3925908.43368325
"129",129,634803.071697211,3925908.43368325
"130",130,634803.071697211,3925908.43368325
"131",131,634803.071697211,3925908.43368325
"132",132,634803.071697211,3925908.43368325
"133",133,634926.910867614,3925899.60341255
"134",134,634926.910867614,3925899.60341255
"135",135,634926.910867614,3925899.60341255
"136",136,634926.910867614,3925899.60341255
"137",137,634926.910867614,3925899.60341255
"138",138,634926.910867614,3925899.60341255
"139",139,634926.910867614,3925899.60341255
"140",140,634926.910867614,3925899.60341255
"141",141,634926.910867614,3925899.60341255
"142",142,634926.910867614,3925899.60341255
"143",143,634926.910867614,3925899.60341255
"144",144,634926.910867614,3925899.60341255
"145",145,634313.120994163,3926055.57135167
"146",146,634313.120994163,3926055.57135167
"147",147,634313.120994163,3926055.57135167
"148",148,634313.120994163,3926055.57135167
"149",149,634313.120994163,3926055.57135167
"150",150,634313.120994163,3926055.57135167
"151",151,634313.120994163,3926055.57135167
"152",152,634313.120994163,3926055.57135167
"153",153,634313.120994163,3926055.57135167
"154",154,634313.120994163,3926055.57135167
"155",155,634313.120994163,3926055.57135167
"156",156,634313.120994163,3926055.57135167
"157",157,634459.357837155,3926053.90465238
"158",158,634459.357837155,3926053.90465238
"159",159,634459.357837155,3926053.90465238
"160",160,634459.357837155,3926053.90465238
"161",161,634459.357837155,3926053.90465238
"162",162,634459.357837155,3926053.90465238
"163",163,634459.357837155,3926053.90465238
"164",164,634459.357837155,3926053.90465238
"165",165,634459.357837155,3926053.90465238
"166",166,634459.357837155,3926053.90465238
"167",167,634459.357837155,3926053.90465238
"168",168,634459.357837155,3926053.90465238
"169",169,634459.357837155,3926053.90465238
"170",170,634459.357837155,3926053.90465238
"171",171,634459.357837155,3926053.90465238
"172",172,634459.357837155,3926053.90465238
"173",173,634459.357837155,3926053.90465238
"174",174,634459.357837155,3926053.90465238
"175",175,634459.357837155,3926053.90465238
"176",176,634459.357837155,3926053.90465238
"177",177,634459.357837155,3926053.90465238
"178",178,634459.357837155,3926053.90465238
"179",179,634459.357837155,3926053.90465238
"180",180,634459.357837155,3926053.90465238
"181",181,634928.636397093,3926038.10754439
"182",182,634928.636397093,3926038.10754439
"183",183,634928.636397093,3926038.10754439
"184",184,634928.636397093,3926038.10754439
"185",185,634928.636397093,3926038.10754439
"186",186,634928.636397093,3926038.10754439
"187",187,634928.636397093,3926038.10754439
"188",188,634928.636397093,3926038.10754439
"189",189,634928.636397093,3926038.10754439
"190",190,634928.636397093,3926038.10754439
"191",191,634928.636397093,3926038.10754439
"192",192,634928.636397093,3926038.10754439
"193",193,634180.344292934,3926152.31956087
"194",194,634180.344292934,3926152.31956087
"195",195,634180.344292934,3926152.31956087
"196",196,634180.344292934,3926152.31956087
"197",197,634180.344292934,3926152.31956087
"198",198,634180.344292934,3926152.31956087
"199",199,634180.344292934,3926152.31956087
"200",200,634180.344292934,3926152.31956087
"201",201,634180.344292934,3926152.31956087
"202",202,634180.344292934,3926152.31956087
"203",203,634180.344292934,3926152.31956087
"204",204,634180.344292934,3926152.31956087
"205",205,634340.177179934,3926151.70893624
"206",206,634340.177179934,3926151.70893624
"207",207,634340.177179934,3926151.70893624
"208",208,634340.177179934,3926151.70893624
"209",209,634340.177179934,3926151.70893624
"210",210,634340.177179934,3926151.70893624
"211",211,634340.177179934,3926151.70893624
"212",212,634340.177179934,3926151.70893624
"213",213,634340.177179934,3926151.70893624
"214",214,634340.177179934,3926151.70893624
"215",215,634340.177179934,3926151.70893624
"216",216,634340.177179934,3926151.70893624
"217",217,634480.048894613,3926150.7459585
"218",218,634480.048894613,3926150.7459585
"219",219,634480.048894613,3926150.7459585
"220",220,634480.048894613,3926150.7459585
"221",221,634480.048894613,3926150.7459585
"222",222,634480.048894613,3926150.7459585
"223",223,634480.048894613,3926150.7459585
"224",224,634480.048894613,3926150.7459585
"225",225,634480.048894613,3926150.7459585
"226",226,634480.048894613,3926150.7459585
"227",227,634480.048894613,3926150.7459585
"228",228,634480.048894613,3926150.7459585
"229",229,634480.048894613,3926150.7459585
"230",230,634480.048894613,3926150.7459585
"231",231,634480.048894613,3926150.7459585
"232",232,634480.048894613,3926150.7459585
"233",233,634480.048894613,3926150.7459585
"234",234,634480.048894613,3926150.7459585
"235",235,634480.048894613,3926150.7459585
"236",236,634480.048894613,3926150.7459585
"237",237,634480.048894613,3926150.7459585
"238",238,634480.048894613,3926150.7459585
"239",239,634480.048894613,3926150.7459585
"240",240,634480.048894613,3926150.7459585
"241",241,634618.57068298,3926149.03265406
"242",242,634618.57068298,3926149.03265406
"243",243,634618.57068298,3926149.03265406
"244",244,634618.57068298,3926149.03265406
"245",245,634618.57068298,3926149.03265406
"246",246,634618.57068298,3926149.03265406
"247",247,634618.57068298,3926149.03265406
"248",248,634618.57068298,3926149.03265406
"249",249,634618.57068298,3926149.03265406
"250",250,634618.57068298,3926149.03265406
"251",251,634618.57068298,3926149.03265406
"252",252,634618.57068298,3926149.03265406
"253",253,634618.57068298,3926149.03265406
"254",254,634618.57068298,3926149.03265406
"255",255,634618.57068298,3926149.03265406
"256",256,634618.57068298,3926149.03265406
"257",257,634618.57068298,3926149.03265406
"258",258,634618.57068298,3926149.03265406
"259",259,634618.57068298,3926149.03265406
"260",260,634618.57068298,3926149.03265406
"261",261,634618.57068298,3926149.03265406
"262",262,634618.57068298,3926149.03265406
"263",263,634618.57068298,3926149.03265406
"264",264,634618.57068298,3926149.03265406
"265",265,634697.356365049,3926148.49754745
"266",266,634697.356365049,3926148.49754745
"267",267,634697.356365049,3926148.49754745
"268",268,634697.356365049,3926148.49754745
"269",269,634697.356365049,3926148.49754745
"270",270,634697.356365049,3926148.49754745
"271",271,634697.356365049,3926148.49754745
"272",272,634697.356365049,3926148.49754745
"273",273,634697.356365049,3926148.49754745
"274",274,634697.356365049,3926148.49754745
"275",275,634697.356365049,3926148.49754745
"276",276,634697.356365049,3926148.49754745
"277",277,634697.356365049,3926148.49754745
"278",278,634697.356365049,3926148.49754745
"279",279,634697.356365049,3926148.49754745
"280",280,634697.356365049,3926148.49754745
"281",281,634697.356365049,3926148.49754745
"282",282,634697.356365049,3926148.49754745
"283",283,634697.356365049,3926148.49754745
"284",284,634697.356365049,3926148.49754745
"285",285,634697.356365049,3926148.49754745
"286",286,634697.356365049,3926148.49754745
"287",287,634697.356365049,3926148.49754745
"288",288,634697.356365049,3926148.49754745
"289",289,634804.022441674,3926146.78514117
"290",290,634804.022441674,3926146.78514117
"291",291,634804.022441674,3926146.78514117
"292",292,634804.022441674,3926146.78514117
"293",293,634804.022441674,3926146.78514117
"294",294,634804.022441674,3926146.78514117
"295",295,634804.022441674,3926146.78514117
"296",296,634804.022441674,3926146.78514117
"297",297,634804.022441674,3926146.78514117
"298",298,634804.022441674,3926146.78514117
"299",299,634804.022441674,3926146.78514117
"300",300,634804.022441674,3926146.78514117
"301",301,634804.022441674,3926146.78514117
"302",302,634804.022441674,3926146.78514117
"303",303,634804.022441674,3926146.78514117
"304",304,634804.022441674,3926146.78514117
"305",305,634804.022441674,3926146.78514117
"306",306,634804.022441674,3926146.78514117
"307",307,634804.022441674,3926146.78514117
"308",308,634804.022441674,3926146.78514117
"309",309,634804.022441674,3926146.78514117
"310",310,634804.022441674,3926146.78514117
"311",311,634804.022441674,3926146.78514117
"312",312,634804.022441674,3926146.78514117
"313",313,634929.43780275,3926141.55111398
"314",314,634929.43780275,3926141.55111398
"315",315,634929.43780275,3926141.55111398
"316",316,634929.43780275,3926141.55111398
"317",317,634929.43780275,3926141.55111398
"318",318,634929.43780275,3926141.55111398
"319",319,634929.43780275,3926141.55111398
"320",320,634929.43780275,3926141.55111398
"321",321,634929.43780275,3926141.55111398
"322",322,634929.43780275,3926141.55111398
"323",323,634929.43780275,3926141.55111398
"324",324,634929.43780275,3926141.55111398
"325",325,635045.030266638,3926143.74808743
"326",326,635045.030266638,3926143.74808743
"327",327,635045.030266638,3926143.74808743
"328",328,635045.030266638,3926143.74808743
"329",329,635045.030266638,3926143.74808743
"330",330,635045.030266638,3926143.74808743
"331",331,635045.030266638,3926143.74808743
"332",332,635045.030266638,3926143.74808743
"333",333,635045.030266638,3926143.74808743
"334",334,635045.030266638,3926143.74808743
"335",335,635045.030266638,3926143.74808743
"336",336,635045.030266638,3926143.74808743
"337",337,635203.613656718,3926141.81379219
"338",338,635203.613656718,3926141.81379219
"339",339,635203.613656718,3926141.81379219
"340",340,635203.613656718,3926141.81379219
"341",341,635203.613656718,3926141.81379219
"342",342,635203.613656718,3926141.81379219
"343",343,635203.613656718,3926141.81379219
"344",344,635203.613656718,3926141.81379219
"345",345,635203.613656718,3926141.81379219
"346",346,635203.613656718,3926141.81379219
"347",347,635203.613656718,3926141.81379219
"348",348,635203.613656718,3926141.81379219
"349",349,634184.486889417,3926287.74183723
"350",350,634184.486889417,3926287.74183723
"351",351,634184.486889417,3926287.74183723
"352",352,634184.486889417,3926287.74183723
"353",353,634184.486889417,3926287.74183723
"354",354,634184.486889417,3926287.74183723
"355",355,634184.486889417,3926287.74183723
"356",356,634184.486889417,3926287.74183723
"357",357,634184.486889417,3926287.74183723
"358",358,634184.486889417,3926287.74183723
"359",359,634184.486889417,3926287.74183723
"360",360,634184.486889417,3926287.74183723
"361",361,634322.972532324,3926288.27564264
"362",362,634322.972532324,3926288.27564264
"363",363,634322.972532324,3926288.27564264
"364",364,634322.972532324,3926288.27564264
"365",365,634322.972532324,3926288.27564264
"366",366,634322.972532324,3926288.27564264
"367",367,634322.972532324,3926288.27564264
"368",368,634322.972532324,3926288.27564264
"369",369,634322.972532324,3926288.27564264
"370",370,634322.972532324,3926288.27564264
"371",371,634322.972532324,3926288.27564264
"372",372,634322.972532324,3926288.27564264
"373",373,634460.059603624,3926285.25153928
"374",374,634460.059603624,3926285.25153928
"375",375,634460.059603624,3926285.25153928
"376",376,634460.059603624,3926285.25153928
"377",377,634460.059603624,3926285.25153928
"378",378,634460.059603624,3926285.25153928
"379",379,634460.059603624,3926285.25153928
"380",380,634460.059603624,3926285.25153928
"381",381,634460.059603624,3926285.25153928
"382",382,634460.059603624,3926285.25153928
"383",383,634460.059603624,3926285.25153928
"384",384,634460.059603624,3926285.25153928
"385",385,634460.059603624,3926285.25153928
"386",386,634460.059603624,3926285.25153928
"387",387,634460.059603624,3926285.25153928
"388",388,634460.059603624,3926285.25153928
"389",389,634460.059603624,3926285.25153928
"390",390,634460.059603624,3926285.25153928
"391",391,634460.059603624,3926285.25153928
"392",392,634460.059603624,3926285.25153928
"393",393,634460.059603624,3926285.25153928
"394",394,634460.059603624,3926285.25153928
"395",395,634460.059603624,3926285.25153928
"396",396,634460.059603624,3926285.25153928
"397",397,634600.611322909,3926281.18326931
"398",398,634600.611322909,3926281.18326931
"399",399,634600.611322909,3926281.18326931
"400",400,634600.611322909,3926281.18326931
"401",401,634600.611322909,3926281.18326931
"402",402,634600.611322909,3926281.18326931
"403",403,634600.611322909,3926281.18326931
"404",404,634600.611322909,3926281.18326931
"405",405,634600.611322909,3926281.18326931
"406",406,634600.611322909,3926281.18326931
"407",407,634600.611322909,3926281.18326931
"408",408,634600.611322909,3926281.18326931
"409",409,634600.611322909,3926281.18326931
"410",410,634600.611322909,3926281.18326931
"411",411,634600.611322909,3926281.18326931
"412",412,634600.611322909,3926281.18326931
"413",413,634600.611322909,3926281.18326931
"414",414,634600.611322909,3926281.18326931
"415",415,634600.611322909,3926281.18326931
"416",416,634600.611322909,3926281.18326931
"417",417,634600.611322909,3926281.18326931
"418",418,634600.611322909,3926281.18326931
"419",419,634600.611322909,3926281.18326931
"420",420,634600.611322909,3926281.18326931
"421",421,634695.444230165,3926281.67707019
"422",422,634695.444230165,3926281.67707019
"423",423,634695.444230165,3926281.67707019
"424",424,634695.444230165,3926281.67707019
"425",425,634695.444230165,3926281.67707019
"426",426,634695.444230165,3926281.67707019
"427",427,634695.444230165,3926281.67707019
"428",428,634695.444230165,3926281.67707019
"429",429,634695.444230165,3926281.67707019
"430",430,634695.444230165,3926281.67707019
"431",431,634695.444230165,3926281.67707019
"432",432,634695.444230165,3926281.67707019
"433",433,634695.444230165,3926281.67707019
"434",434,634695.444230165,3926281.67707019
"435",435,634695.444230165,3926281.67707019
"436",436,634695.444230165,3926281.67707019
"437",437,634695.444230165,3926281.67707019
"438",438,634695.444230165,3926281.67707019
"439",439,634695.444230165,3926281.67707019
"440",440,634695.444230165,3926281.67707019
"441",441,634695.444230165,3926281.67707019
"442",442,634695.444230165,3926281.67707019
"443",443,634695.444230165,3926281.67707019
"444",444,634695.444230165,3926281.67707019
"445",445,634780.356686406,3926259.91179059
"446",446,634780.356686406,3926259.91179059
"447",447,634780.356686406,3926259.91179059
"448",448,634780.356686406,3926259.91179059
"449",449,634780.356686406,3926259.91179059
"450",450,634780.356686406,3926259.91179059
"451",451,634780.356686406,3926259.91179059
"452",452,634780.356686406,3926259.91179059
"453",453,634780.356686406,3926259.91179059
"454",454,634780.356686406,3926259.91179059
"455",455,634780.356686406,3926259.91179059
"456",456,634780.356686406,3926259.91179059
"457",457,634780.356686406,3926259.91179059
"458",458,634780.356686406,3926259.91179059
"459",459,634780.356686406,3926259.91179059
"460",460,634780.356686406,3926259.91179059
"461",461,634780.356686406,3926259.91179059
"462",462,634780.356686406,3926259.91179059
"463",463,634780.356686406,3926259.91179059
"464",464,634780.356686406,3926259.91179059
"465",465,634780.356686406,3926259.91179059
"466",466,634780.356686406,3926259.91179059
"467",467,634780.356686406,3926259.91179059
"468",468,634780.356686406,3926259.91179059
"469",469,634947.576548409,3926268.89772048
"470",470,634947.576548409,3926268.89772048
"471",471,634947.576548409,3926268.89772048
"472",472,634947.576548409,3926268.89772048
"473",473,634947.576548409,3926268.89772048
"474",474,634947.576548409,3926268.89772048
"475",475,634947.576548409,3926268.89772048
"476",476,634947.576548409,3926268.89772048
"477",477,634947.576548409,3926268.89772048
"478",478,634947.576548409,3926268.89772048
"479",479,634947.576548409,3926268.89772048
"480",480,634947.576548409,3926268.89772048
"481",481,635056.279212993,3926276.49384722
"482",482,635056.279212993,3926276.49384722
"483",483,635056.279212993,3926276.49384722
"484",484,635056.279212993,3926276.49384722
"485",485,635056.279212993,3926276.49384722
"486",486,635056.279212993,3926276.49384722
"487",487,635056.279212993,3926276.49384722
"488",488,635056.279212993,3926276.49384722
"489",489,635056.279212993,3926276.49384722
"490",490,635056.279212993,3926276.49384722
"491",491,635056.279212993,3926276.49384722
"492",492,635056.279212993,3926276.49384722
"493",493,635186.350069013,3926275.39418544
"494",494,635186.350069013,3926275.39418544
"495",495,635186.350069013,3926275.39418544
"496",496,635186.350069013,3926275.39418544
"497",497,635186.350069013,3926275.39418544
"498",498,635186.350069013,3926275.39418544
"499",499,635186.350069013,3926275.39418544
"500",500,635186.350069013,3926275.39418544
"501",501,635186.350069013,3926275.39418544
"502",502,635186.350069013,3926275.39418544
"503",503,635186.350069013,3926275.39418544
"504",504,635186.350069013,3926275.39418544
"505",505,634341.845171322,3926385.38889456
"506",506,634341.845171322,3926385.38889456
"507",507,634341.845171322,3926385.38889456
"508",508,634341.845171322,3926385.38889456
"509",509,634341.845171322,3926385.38889456
"510",510,634341.845171322,3926385.38889456
"511",511,634341.845171322,3926385.38889456
"512",512,634341.845171322,3926385.38889456
"513",513,634341.845171322,3926385.38889456
"514",514,634341.845171322,3926385.38889456
"515",515,634341.845171322,3926385.38889456
"516",516,634341.845171322,3926385.38889456
"517",517,634480.941598749,3926381.41902665
"518",518,634480.941598749,3926381.41902665
"519",519,634480.941598749,3926381.41902665
"520",520,634480.941598749,3926381.41902665
"521",521,634480.941598749,3926381.41902665
"522",522,634480.941598749,3926381.41902665
"523",523,634480.941598749,3926381.41902665
"524",524,634480.941598749,3926381.41902665
"525",525,634480.941598749,3926381.41902665
"526",526,634480.941598749,3926381.41902665
"527",527,634480.941598749,3926381.41902665
"528",528,634480.941598749,3926381.41902665
"529",529,634621.763910577,3926383.40156594
"530",530,634621.763910577,3926383.40156594
"531",531,634621.763910577,3926383.40156594
"532",532,634621.763910577,3926383.40156594
"533",533,634621.763910577,3926383.40156594
"534",534,634621.763910577,3926383.40156594
"535",535,634621.763910577,3926383.40156594
"536",536,634621.763910577,3926383.40156594
"537",537,634621.763910577,3926383.40156594
"538",538,634621.763910577,3926383.40156594
"539",539,634621.763910577,3926383.40156594
"540",540,634621.763910577,3926383.40156594
"541",541,634804.238869174,3926373.5987358
"542",542,634804.238869174,3926373.5987358
"543",543,634804.238869174,3926373.5987358
"544",544,634804.238869174,3926373.5987358
"545",545,634804.238869174,3926373.5987358
"546",546,634804.238869174,3926373.5987358
"547",547,634804.238869174,3926373.5987358
"548",548,634804.238869174,3926373.5987358
"549",549,634804.238869174,3926373.5987358
"550",550,634804.238869174,3926373.5987358
"551",551,634804.238869174,3926373.5987358
"552",552,634804.238869174,3926373.5987358
"553",553,634946.70471624,3926374.94546154
"554",554,634946.70471624,3926374.94546154
"555",555,634946.70471624,3926374.94546154
"556",556,634946.70471624,3926374.94546154
"557",557,634946.70471624,3926374.94546154
"558",558,634946.70471624,3926374.94546154
"559",559,634946.70471624,3926374.94546154
"560",560,634946.70471624,3926374.94546154
"561",561,634946.70471624,3926374.94546154
"562",562,634946.70471624,3926374.94546154
"563",563,634946.70471624,3926374.94546154
"564",564,634946.70471624,3926374.94546154
"565",565,635059.870757314,3926375.35331125
"566",566,635059.870757314,3926375.35331125
"567",567,635059.870757314,3926375.35331125
"568",568,635059.870757314,3926375.35331125
"569",569,635059.870757314,3926375.35331125
"570",570,635059.870757314,3926375.35331125
"571",571,635059.870757314,3926375.35331125
"572",572,635059.870757314,3926375.35331125
"573",573,635059.870757314,3926375.35331125
"574",574,635059.870757314,3926375.35331125
"575",575,635059.870757314,3926375.35331125
"576",576,635059.870757314,3926375.35331125
"577",577,634343.493742319,3926499.33999262
"578",578,634343.493742319,3926499.33999262
"579",579,634343.493742319,3926499.33999262
"580",580,634343.493742319,3926499.33999262
"581",581,634343.493742319,3926499.33999262
"582",582,634343.493742319,3926499.33999262
"583",583,634343.493742319,3926499.33999262
"584",584,634343.493742319,3926499.33999262
"585",585,634343.493742319,3926499.33999262
"586",586,634343.493742319,3926499.33999262
"587",587,634343.493742319,3926499.33999262
"588",588,634343.493742319,3926499.33999262
"589",589,634464.61288155,3926519.9624151
"590",590,634464.61288155,3926519.9624151
"591",591,634464.61288155,3926519.9624151
"592",592,634464.61288155,3926519.9624151
"593",593,634464.61288155,3926519.9624151
"594",594,634464.61288155,3926519.9624151
"595",595,634464.61288155,3926519.9624151
"596",596,634464.61288155,3926519.9624151
"597",597,634464.61288155,3926519.9624151
"598",598,634464.61288155,3926519.9624151
"599",599,634464.61288155,3926519.9624151
"600",600,634464.61288155,3926519.9624151
"601",601,634464.61288155,3926519.9624151
"602",602,634464.61288155,3926519.9624151
"603",603,634464.61288155,3926519.9624151
"604",604,634464.61288155,3926519.9624151
"605",605,634464.61288155,3926519.9624151
"606",606,634464.61288155,3926519.9624151
"607",607,634464.61288155,3926519.9624151
"608",608,634464.61288155,3926519.9624151
"609",609,634464.61288155,3926519.9624151
"610",610,634464.61288155,3926519.9624151
"611",611,634464.61288155,3926519.9624151
"612",612,634464.61288155,3926519.9624151
"613",613,634622.805971159,3926495.20257207
"614",614,634622.805971159,3926495.20257207
"615",615,634622.805971159,3926495.20257207
"616",616,634622.805971159,3926495.20257207
"617",617,634622.805971159,3926495.20257207
"618",618,634622.805971159,3926495.20257207
"619",619,634622.805971159,3926495.20257207
"620",620,634622.805971159,3926495.20257207
"621",621,634622.805971159,3926495.20257207
"622",622,634622.805971159,3926495.20257207
"623",623,634622.805971159,3926495.20257207
"624",624,634622.805971159,3926495.20257207
"625",625,634622.805971159,3926495.20257207
"626",626,634622.805971159,3926495.20257207
"627",627,634622.805971159,3926495.20257207
"628",628,634622.805971159,3926495.20257207
"629",629,634622.805971159,3926495.20257207
"630",630,634622.805971159,3926495.20257207
"631",631,634622.805971159,3926495.20257207
"632",632,634622.805971159,3926495.20257207
"633",633,634622.805971159,3926495.20257207
"634",634,634622.805971159,3926495.20257207
"635",635,634622.805971159,3926495.20257207
"636",636,634622.805971159,3926495.20257207
"637",637,634780.613191727,3926490.12083521
"638",638,634780.613191727,3926490.12083521
"639",639,634780.613191727,3926490.12083521
"640",640,634780.613191727,3926490.12083521
"641",641,634780.613191727,3926490.12083521
"642",642,634780.613191727,3926490.12083521
"643",643,634780.613191727,3926490.12083521
"644",644,634780.613191727,3926490.12083521
"645",645,634780.613191727,3926490.12083521
"646",646,634780.613191727,3926490.12083521
"647",647,634780.613191727,3926490.12083521
"648",648,634780.613191727,3926490.12083521
"649",649,634780.613191727,3926490.12083521
"650",650,634780.613191727,3926490.12083521
"651",651,634780.613191727,3926490.12083521
"652",652,634780.613191727,3926490.12083521
"653",653,634780.613191727,3926490.12083521
"654",654,634780.613191727,3926490.12083521
"655",655,634780.613191727,3926490.12083521
"656",656,634780.613191727,3926490.12083521
"657",657,634780.613191727,3926490.12083521
"658",658,634780.613191727,3926490.12083521
"659",659,634780.613191727,3926490.12083521
"660",660,634780.613191727,3926490.12083521
"661",661,634930.524859456,3926491.08020743
"662",662,634930.524859456,3926491.08020743
"663",663,634930.524859456,3926491.08020743
"664",664,634930.524859456,3926491.08020743
"665",665,634930.524859456,3926491.08020743
"666",666,634930.524859456,3926491.08020743
"667",667,634930.524859456,3926491.08020743
"668",668,634930.524859456,3926491.08020743
"669",669,634930.524859456,3926491.08020743
"670",670,634930.524859456,3926491.08020743
"671",671,634930.524859456,3926491.08020743
"672",672,634930.524859456,3926491.08020743
"673",673,634602.892710163,3926630.57446051
"674",674,634602.892710163,3926630.57446051
"675",675,634602.892710163,3926630.57446051
"676",676,634602.892710163,3926630.57446051
"677",677,634602.892710163,3926630.57446051
"678",678,634602.892710163,3926630.57446051
"679",679,634602.892710163,3926630.57446051
"680",680,634602.892710163,3926630.57446051
"681",681,634602.892710163,3926630.57446051
"682",682,634602.892710163,3926630.57446051
"683",683,634602.892710163,3926630.57446051
"684",684,634602.892710163,3926630.57446051
"685",685,634602.892710163,3926630.57446051
"686",686,634602.892710163,3926630.57446051
"687",687,634602.892710163,3926630.57446051
"688",688,634602.892710163,3926630.57446051
"689",689,634602.892710163,3926630.57446051
"690",690,634602.892710163,3926630.57446051
"691",691,634602.892710163,3926630.57446051
"692",692,634602.892710163,3926630.57446051
"693",693,634602.892710163,3926630.57446051
"694",694,634602.892710163,3926630.57446051
"695",695,634602.892710163,3926630.57446051
"696",696,634602.892710163,3926630.57446051
"697",697,634777.054974632,3926630.06535854
"698",698,634777.054974632,3926630.06535854
"699",699,634777.054974632,3926630.06535854
"700",700,634777.054974632,3926630.06535854
"701",701,634777.054974632,3926630.06535854
"702",702,634777.054974632,3926630.06535854
"703",703,634777.054974632,3926630.06535854
"704",704,634777.054974632,3926630.06535854
"705",705,634777.054974632,3926630.06535854
"706",706,634777.054974632,3926630.06535854
"707",707,634777.054974632,3926630.06535854
"708",708,634777.054974632,3926630.06535854
"709",709,634777.054974632,3926630.06535854
"710",710,634777.054974632,3926630.06535854
"711",711,634777.054974632,3926630.06535854
"712",712,634777.054974632,3926630.06535854
"713",713,634777.054974632,3926630.06535854
"714",714,634777.054974632,3926630.06535854
"715",715,634777.054974632,3926630.06535854
"716",716,634777.054974632,3926630.06535854
"717",717,634777.054974632,3926630.06535854
"718",718,634777.054974632,3926630.06535854
"719",719,634777.054974632,3926630.06535854
"720",720,634777.054974632,3926630.06535854
"721",721,634803.985489333,3925870.02815637
"722",722,634803.985489333,3925870.02815637
"723",723,634803.985489333,3925870.02815637
"724",724,634803.985489333,3925870.02815637
"725",725,634803.985489333,3925870.02815637
"726",726,634803.985489333,3925870.02815637
"727",727,634803.985489333,3925870.02815637
"728",728,634803.985489333,3925870.02815637
"729",729,634803.985489333,3925870.02815637
"730",730,634803.985489333,3925870.02815637
"731",731,634803.985489333,3925870.02815637
"732",732,634803.985489333,3925870.02815637
"733",733,634800.578391906,3925995.70766822
"734",734,634800.578391906,3925995.70766822
"735",735,634800.578391906,3925995.70766822
"736",736,634800.578391906,3925995.70766822
"737",737,634800.578391906,3925995.70766822
"738",738,634800.578391906,3925995.70766822
"739",739,634800.578391906,3925995.70766822
"740",740,634800.578391906,3925995.70766822
"741",741,634800.578391906,3925995.70766822
"742",742,634800.578391906,3925995.70766822
"743",743,634800.578391906,3925995.70766822
"744",744,634800.578391906,3925995.70766822
"745",745,634802.778253553,3926151.05987966
"746",746,634802.778253553,3926151.05987966
"747",747,634802.778253553,3926151.05987966
"748",748,634802.778253553,3926151.05987966
"749",749,634802.778253553,3926151.05987966
"750",750,634802.778253553,3926151.05987966
"751",751,634802.778253553,3926151.05987966
"752",752,634802.778253553,3926151.05987966
"753",753,634802.778253553,3926151.05987966
"754",754,634802.778253553,3926151.05987966
"755",755,634802.778253553,3926151.05987966
"756",756,634802.778253553,3926151.05987966
"757",757,634482.148928544,3926148.09269215
"758",758,634482.148928544,3926148.09269215
"759",759,634482.148928544,3926148.09269215
"760",760,634482.148928544,3926148.09269215
"761",761,634482.148928544,3926148.09269215
"762",762,634482.148928544,3926148.09269215
"763",763,634482.148928544,3926148.09269215
"764",764,634482.148928544,3926148.09269215
"765",765,634482.148928544,3926148.09269215
"766",766,634482.148928544,3926148.09269215
"767",767,634482.148928544,3926148.09269215
"768",768,634482.148928544,3926148.09269215
"769",769,633886.144844853,3926453.49491831
"770",770,633886.144844853,3926453.49491831
"771",771,633886.144844853,3926453.49491831
"772",772,633886.144844853,3926453.49491831
"773",773,633886.144844853,3926453.49491831
"774",774,633886.144844853,3926453.49491831
"775",775,633886.144844853,3926453.49491831
"776",776,633886.144844853,3926453.49491831
"777",777,633886.144844853,3926453.49491831
"778",778,633886.144844853,3926453.49491831
"779",779,633886.144844853,3926453.49491831
"780",780,633886.144844853,3926453.49491831
"781",781,633893.941814093,3926640.37090974
"782",782,633893.941814093,3926640.37090974
"783",783,633893.941814093,3926640.37090974
"784",784,633893.941814093,3926640.37090974
"785",785,633893.941814093,3926640.37090974
"786",786,633893.941814093,3926640.37090974
"787",787,633893.941814093,3926640.37090974
"788",788,633893.941814093,3926640.37090974
"789",789,633893.941814093,3926640.37090974
"790",790,633893.941814093,3926640.37090974
"791",791,633893.941814093,3926640.37090974
"792",792,633893.941814093,3926640.37090974
"793",793,634023.019614317,3926707.01416358
"794",794,634023.019614317,3926707.01416358
"795",795,634023.019614317,3926707.01416358
"796",796,634023.019614317,3926707.01416358
"797",797,634023.019614317,3926707.01416358
"798",798,634023.019614317,3926707.01416358
"799",799,634023.019614317,3926707.01416358
"800",800,634023.019614317,3926707.01416358
"801",801,634023.019614317,3926707.01416358
"802",802,634023.019614317,3926707.01416358
"803",803,634023.019614317,3926707.01416358
"804",804,634023.019614317,3926707.01416358
"805",805,634023.019614317,3926707.01416358
"806",806,634023.019614317,3926707.01416358
"807",807,634023.019614317,3926707.01416358
"808",808,634023.019614317,3926707.01416358
"809",809,634023.019614317,3926707.01416358
"810",810,634023.019614317,3926707.01416358
"811",811,634023.019614317,3926707.01416358
"812",812,634023.019614317,3926707.01416358
"813",813,634023.019614317,3926707.01416358
"814",814,634023.019614317,3926707.01416358
"815",815,634023.019614317,3926707.01416358
"816",816,634023.019614317,3926707.01416358
"817",817,634167.746485606,3926738.76958893
"818",818,634167.746485606,3926738.76958893
"819",819,634167.746485606,3926738.76958893
"820",820,634167.746485606,3926738.76958893
"821",821,634167.746485606,3926738.76958893
"822",822,634167.746485606,3926738.76958893
"823",823,634167.746485606,3926738.76958893
"824",824,634167.746485606,3926738.76958893
"825",825,634167.746485606,3926738.76958893
"826",826,634167.746485606,3926738.76958893
"827",827,634167.746485606,3926738.76958893
"828",828,634167.746485606,3926738.76958893
"829",829,634234.811102484,3926805.40794764
"830",830,634234.811102484,3926805.40794764
"831",831,634234.811102484,3926805.40794764
"832",832,634234.811102484,3926805.40794764
"833",833,634234.811102484,3926805.40794764
"834",834,634234.811102484,3926805.40794764
"835",835,634234.811102484,3926805.40794764
"836",836,634234.811102484,3926805.40794764
"837",837,634234.811102484,3926805.40794764
"838",838,634234.811102484,3926805.40794764
"839",839,634234.811102484,3926805.40794764
"840",840,634234.811102484,3926805.40794764
"841",841,634234.811102484,3926805.40794764
"842",842,634234.811102484,3926805.40794764
"843",843,634234.811102484,3926805.40794764
"844",844,634234.811102484,3926805.40794764
"845",845,634234.811102484,3926805.40794764
"846",846,634234.811102484,3926805.40794764
"847",847,634234.811102484,3926805.40794764
"848",848,634234.811102484,3926805.40794764
"849",849,634234.811102484,3926805.40794764
"850",850,634234.811102484,3926805.40794764
"851",851,634234.811102484,3926805.40794764
"852",852,634234.811102484,3926805.40794764
"853",853,634349.507642946,3926872.77247717
"854",854,634349.507642946,3926872.77247717
"855",855,634349.507642946,3926872.77247717
"856",856,634349.507642946,3926872.77247717
"857",857,634349.507642946,3926872.77247717
"858",858,634349.507642946,3926872.77247717
"859",859,634349.507642946,3926872.77247717
"860",860,634349.507642946,3926872.77247717
"861",861,634349.507642946,3926872.77247717
"862",862,634349.507642946,3926872.77247717
"863",863,634349.507642946,3926872.77247717
"864",864,634349.507642946,3926872.77247717
"865",865,634470.449757516,3926876.44059543
"866",866,634470.449757516,3926876.44059543
"867",867,634470.449757516,3926876.44059543
"868",868,634470.449757516,3926876.44059543
"869",869,634470.449757516,3926876.44059543
"870",870,634470.449757516,3926876.44059543
"871",871,634470.449757516,3926876.44059543
"872",872,634470.449757516,3926876.44059543
"873",873,634470.449757516,3926876.44059543
"874",874,634470.449757516,3926876.44059543
"875",875,634470.449757516,3926876.44059543
"876",876,634470.449757516,3926876.44059543
"877",877,634470.449757516,3926876.44059543
"878",878,634470.449757516,3926876.44059543
"879",879,634470.449757516,3926876.44059543
"880",880,634470.449757516,3926876.44059543
"881",881,634470.449757516,3926876.44059543
"882",882,634470.449757516,3926876.44059543
"883",883,634470.449757516,3926876.44059543
"884",884,634470.449757516,3926876.44059543
"885",885,634470.449757516,3926876.44059543
"886",886,634470.449757516,3926876.44059543
"887",887,634470.449757516,3926876.44059543
"888",888,634470.449757516,3926876.44059543
"889",889,634562.864328374,3926916.65865306
"890",890,634562.864328374,3926916.65865306
"891",891,634562.864328374,3926916.65865306
"892",892,634562.864328374,3926916.65865306
"893",893,634562.864328374,3926916.65865306
"894",894,634562.864328374,3926916.65865306
"895",895,634562.864328374,3926916.65865306
"896",896,634562.864328374,3926916.65865306
"897",897,634562.864328374,3926916.65865306
"898",898,634562.864328374,3926916.65865306
"899",899,634562.864328374,3926916.65865306
"900",900,634562.864328374,3926916.65865306
"901",901,634651.408824498,3926912.44259156
"902",902,634651.408824498,3926912.44259156
"903",903,634651.408824498,3926912.44259156
"904",904,634651.408824498,3926912.44259156
"905",905,634651.408824498,3926912.44259156
"906",906,634651.408824498,3926912.44259156
"907",907,634651.408824498,3926912.44259156
"908",908,634651.408824498,3926912.44259156
"909",909,634651.408824498,3926912.44259156
"910",910,634651.408824498,3926912.44259156
"911",911,634651.408824498,3926912.44259156
"912",912,634651.408824498,3926912.44259156
"913",913,634651.408824498,3926912.44259156
"914",914,634651.408824498,3926912.44259156
"915",915,634651.408824498,3926912.44259156
"916",916,634651.408824498,3926912.44259156
"917",917,634651.408824498,3926912.44259156
"918",918,634651.408824498,3926912.44259156
"919",919,634651.408824498,3926912.44259156
"920",920,634651.408824498,3926912.44259156
"921",921,634651.408824498,3926912.44259156
"922",922,634651.408824498,3926912.44259156
"923",923,634651.408824498,3926912.44259156
"924",924,634651.408824498,3926912.44259156
"925",925,634792.940782484,3926905.31940494
"926",926,634792.940782484,3926905.31940494
"927",927,634792.940782484,3926905.31940494
"928",928,634792.940782484,3926905.31940494
"929",929,634792.940782484,3926905.31940494
"930",930,634792.940782484,3926905.31940494
"931",931,634792.940782484,3926905.31940494
"932",932,634792.940782484,3926905.31940494
"933",933,634792.940782484,3926905.31940494
"934",934,634792.940782484,3926905.31940494
"935",935,634792.940782484,3926905.31940494
"936",936,634792.940782484,3926905.31940494
"937",937,634901.008431649,3926960.57639511
"938",938,634901.008431649,3926960.57639511
"939",939,634901.008431649,3926960.57639511
"940",940,634901.008431649,3926960.57639511
"941",941,634901.008431649,3926960.57639511
"942",942,634901.008431649,3926960.57639511
"943",943,634901.008431649,3926960.57639511
"944",944,634901.008431649,3926960.57639511
"945",945,634901.008431649,3926960.57639511
"946",946,634901.008431649,3926960.57639511
"947",947,634901.008431649,3926960.57639511
"948",948,634901.008431649,3926960.57639511
"949",949,634901.008431649,3926960.57639511
"950",950,634901.008431649,3926960.57639511
"951",951,634901.008431649,3926960.57639511
"952",952,634901.008431649,3926960.57639511
"953",953,634901.008431649,3926960.57639511
"954",954,634901.008431649,3926960.57639511
"955",955,634901.008431649,3926960.57639511
"956",956,634901.008431649,3926960.57639511
"957",957,634901.008431649,3926960.57639511
"958",958,634901.008431649,3926960.57639511
"959",959,634901.008431649,3926960.57639511
"960",960,634901.008431649,3926960.57639511
"961",961,635044.705845647,3926859.18871086
"962",962,635044.705845647,3926859.18871086
"963",963,635044.705845647,3926859.18871086
"964",964,635044.705845647,3926859.18871086
"965",965,635044.705845647,3926859.18871086
"966",966,635044.705845647,3926859.18871086
"967",967,635044.705845647,3926859.18871086
"968",968,635044.705845647,3926859.18871086
"969",969,635044.705845647,3926859.18871086
"970",970,635044.705845647,3926859.18871086
"971",971,635044.705845647,3926859.18871086
"972",972,635044.705845647,3926859.18871086
"973",973,635128.910143515,3926792.0518407
"974",974,635128.910143515,3926792.0518407
"975",975,635128.910143515,3926792.0518407
"976",976,635128.910143515,3926792.0518407
"977",977,635128.910143515,3926792.0518407
"978",978,635128.910143515,3926792.0518407
"979",979,635128.910143515,3926792.0518407
"980",980,635128.910143515,3926792.0518407
"981",981,635128.910143515,3926792.0518407
"982",982,635128.910143515,3926792.0518407
"983",983,635128.910143515,3926792.0518407
"984",984,635128.910143515,3926792.0518407
"985",985,635128.910143515,3926792.0518407
"986",986,635128.910143515,3926792.0518407
"987",987,635128.910143515,3926792.0518407
"988",988,635128.910143515,3926792.0518407
"989",989,635128.910143515,3926792.0518407
"990",990,635128.910143515,3926792.0518407
"991",991,635128.910143515,3926792.0518407
"992",992,635128.910143515,3926792.0518407
"993",993,635128.910143515,3926792.0518407
"994",994,635128.910143515,3926792.0518407
"995",995,635128.910143515,3926792.0518407
"996",996,635128.910143515,3926792.0518407
"997",997,635200.928567252,3926730.26775601
"998",998,635200.928567252,3926730.26775601
"999",999,635200.928567252,3926730.26775601
"1000",1000,635200.928567252,3926730.26775601
"1001",1001,635200.928567252,3926730.26775601
"1002",1002,635200.928567252,3926730.26775601
"1003",1003,635200.928567252,3926730.26775601
"1004",1004,635200.928567252,3926730.26775601
"1005",1005,635200.928567252,3926730.26775601
"1006",1006,635200.928567252,3926730.26775601
"1007",1007,635200.928567252,3926730.26775601
"1008",1008,635200.928567252,3926730.26775601
"1009",1009,635341.898817994,3926660.28452029
"1010",1010,635341.898817994,3926660.28452029
"1011",1011,635341.898817994,3926660.28452029
"1012",1012,635341.898817994,3926660.28452029
"1013",1013,635341.898817994,3926660.28452029
"1014",1014,635341.898817994,3926660.28452029
"1015",1015,635341.898817994,3926660.28452029
"1016",1016,635341.898817994,3926660.28452029
"1017",1017,635341.898817994,3926660.28452029
"1018",1018,635341.898817994,3926660.28452029
"1019",1019,635341.898817994,3926660.28452029
"1020",1020,635341.898817994,3926660.28452029
"1021",1021,635341.898817994,3926660.28452029
"1022",1022,635341.898817994,3926660.28452029
"1023",1023,635341.898817994,3926660.28452029
"1024",1024,635341.898817994,3926660.28452029
"1025",1025,635341.898817994,3926660.28452029
"1026",1026,635341.898817994,3926660.28452029
"1027",1027,635341.898817994,3926660.28452029
"1028",1028,635341.898817994,3926660.28452029
"1029",1029,635341.898817994,3926660.28452029
"1030",1030,635341.898817994,3926660.28452029
"1031",1031,635341.898817994,3926660.28452029
"1032",1032,635341.898817994,3926660.28452029
"1033",1033,635562.823854432,3926704.30886265
"1034",1034,635562.823854432,3926704.30886265
"1035",1035,635562.823854432,3926704.30886265
"1036",1036,635562.823854432,3926704.30886265
"1037",1037,635562.823854432,3926704.30886265
"1038",1038,635562.823854432,3926704.30886265
"1039",1039,635562.823854432,3926704.30886265
"1040",1040,635562.823854432,3926704.30886265
"1041",1041,635562.823854432,3926704.30886265
"1042",1042,635562.823854432,3926704.30886265
"1043",1043,635562.823854432,3926704.30886265
"1044",1044,635562.823854432,3926704.30886265
"1045",1045,635638.069326581,3926529.78147037
"1046",1046,635638.069326581,3926529.78147037
"1047",1047,635638.069326581,3926529.78147037
"1048",1048,635638.069326581,3926529.78147037
"1049",1049,635638.069326581,3926529.78147037
"1050",1050,635638.069326581,3926529.78147037
"1051",1051,635638.069326581,3926529.78147037
"1052",1052,635638.069326581,3926529.78147037
"1053",1053,635638.069326581,3926529.78147037
"1054",1054,635638.069326581,3926529.78147037
"1055",1055,635638.069326581,3926529.78147037
"1056",1056,635638.069326581,3926529.78147037
"1057",1057,633189.847934719,3927149.44348528
"1058",1058,633189.847934719,3927149.44348528
"1059",1059,633189.847934719,3927149.44348528
"1060",1060,633189.847934719,3927149.44348528
"1061",1061,633189.847934719,3927149.44348528
"1062",1062,633189.847934719,3927149.44348528
"1063",1063,633189.847934719,3927149.44348528
"1064",1064,633189.847934719,3927149.44348528
"1065",1065,633189.847934719,3927149.44348528
"1066",1066,633189.847934719,3927149.44348528
"1067",1067,633189.847934719,3927149.44348528
"1068",1068,633189.847934719,3927149.44348528
"1069",1069,633342.027899472,3927340.30928377
"1070",1070,633342.027899472,3927340.30928377
"1071",1071,633342.027899472,3927340.30928377
"1072",1072,633342.027899472,3927340.30928377
"1073",1073,633342.027899472,3927340.30928377
"1074",1074,633342.027899472,3927340.30928377
"1075",1075,633342.027899472,3927340.30928377
"1076",1076,633342.027899472,3927340.30928377
"1077",1077,633342.027899472,3927340.30928377
"1078",1078,633342.027899472,3927340.30928377
"1079",1079,633342.027899472,3927340.30928377
"1080",1080,633342.027899472,3927340.30928377
"1081",1081,633342.027899472,3927340.30928377
"1082",1082,633342.027899472,3927340.30928377
"1083",1083,633342.027899472,3927340.30928377
"1084",1084,633342.027899472,3927340.30928377
"1085",1085,633342.027899472,3927340.30928377
"1086",1086,633342.027899472,3927340.30928377
"1087",1087,633342.027899472,3927340.30928377
"1088",1088,633342.027899472,3927340.30928377
"1089",1089,633342.027899472,3927340.30928377
"1090",1090,633342.027899472,3927340.30928377
"1091",1091,633342.027899472,3927340.30928377
"1092",1092,633342.027899472,3927340.30928377
"1093",1093,633608.146151465,3927547.6662556
"1094",1094,633608.146151465,3927547.6662556
"1095",1095,633608.146151465,3927547.6662556
"1096",1096,633608.146151465,3927547.6662556
"1097",1097,633608.146151465,3927547.6662556
"1098",1098,633608.146151465,3927547.6662556
"1099",1099,633608.146151465,3927547.6662556
"1100",1100,633608.146151465,3927547.6662556
"1101",1101,633608.146151465,3927547.6662556
"1102",1102,633608.146151465,3927547.6662556
"1103",1103,633608.146151465,3927547.6662556
"1104",1104,633608.146151465,3927547.6662556
"1105",1105,633770.894919123,3927687.85320744
"1106",1106,633770.894919123,3927687.85320744
"1107",1107,633770.894919123,3927687.85320744
"1108",1108,633770.894919123,3927687.85320744
"1109",1109,633770.894919123,3927687.85320744
"1110",1110,633770.894919123,3927687.85320744
"1111",1111,633770.894919123,3927687.85320744
"1112",1112,633770.894919123,3927687.85320744
"1113",1113,633770.894919123,3927687.85320744
"1114",1114,633770.894919123,3927687.85320744
"1115",1115,633770.894919123,3927687.85320744
"1116",1116,633770.894919123,3927687.85320744
"1117",1117,633770.894919123,3927687.85320744
"1118",1118,633770.894919123,3927687.85320744
"1119",1119,633770.894919123,3927687.85320744
"1120",1120,633770.894919123,3927687.85320744
"1121",1121,633770.894919123,3927687.85320744
"1122",1122,633770.894919123,3927687.85320744
"1123",1123,633770.894919123,3927687.85320744
"1124",1124,633770.894919123,3927687.85320744
"1125",1125,633770.894919123,3927687.85320744
"1126",1126,633770.894919123,3927687.85320744
"1127",1127,633770.894919123,3927687.85320744
"1128",1128,633770.894919123,3927687.85320744
"1129",1129,633966.119041356,3927780.44703631
"1130",1130,633966.119041356,3927780.44703631
"1131",1131,633966.119041356,3927780.44703631
"1132",1132,633966.119041356,3927780.44703631
"1133",1133,633966.119041356,3927780.44703631
"1134",1134,633966.119041356,3927780.44703631
"1135",1135,633966.119041356,3927780.44703631
"1136",1136,633966.119041356,3927780.44703631
"1137",1137,633966.119041356,3927780.44703631
"1138",1138,633966.119041356,3927780.44703631
"1139",1139,633966.119041356,3927780.44703631
"1140",1140,633966.119041356,3927780.44703631
"1141",1141,634188.748955304,3927809.67543612
"1142",1142,634188.748955304,3927809.67543612
"1143",1143,634188.748955304,3927809.67543612
"1144",1144,634188.748955304,3927809.67543612
"1145",1145,634188.748955304,3927809.67543612
"1146",1146,634188.748955304,3927809.67543612
"1147",1147,634188.748955304,3927809.67543612
"1148",1148,634188.748955304,3927809.67543612
"1149",1149,634188.748955304,3927809.67543612
"1150",1150,634188.748955304,3927809.67543612
"1151",1151,634188.748955304,3927809.67543612
"1152",1152,634188.748955304,3927809.67543612
"1153",1153,634188.748955304,3927809.67543612
"1154",1154,634188.748955304,3927809.67543612
"1155",1155,634188.748955304,3927809.67543612
"1156",1156,634188.748955304,3927809.67543612
"1157",1157,634188.748955304,3927809.67543612
"1158",1158,634188.748955304,3927809.67543612
"1159",1159,634188.748955304,3927809.67543612
"1160",1160,634188.748955304,3927809.67543612
"1161",1161,634188.748955304,3927809.67543612
"1162",1162,634188.748955304,3927809.67543612
"1163",1163,634188.748955304,3927809.67543612
"1164",1164,634188.748955304,3927809.67543612
"1165",1165,634436.65936362,3927968.71439123
"1166",1166,634436.65936362,3927968.71439123
"1167",1167,634436.65936362,3927968.71439123
"1168",1168,634436.65936362,3927968.71439123
"1169",1169,634436.65936362,3927968.71439123
"1170",1170,634436.65936362,3927968.71439123
"1171",1171,634436.65936362,3927968.71439123
"1172",1172,634436.65936362,3927968.71439123
"1173",1173,634436.65936362,3927968.71439123
"1174",1174,634436.65936362,3927968.71439123
"1175",1175,634436.65936362,3927968.71439123
"1176",1176,634436.65936362,3927968.71439123
"1177",1177,634670.482480655,3927957.42946264
"1178",1178,634670.482480655,3927957.42946264
"1179",1179,634670.482480655,3927957.42946264
"1180",1180,634670.482480655,3927957.42946264
"1181",1181,634670.482480655,3927957.42946264
"1182",1182,634670.482480655,3927957.42946264
"1183",1183,634670.482480655,3927957.42946264
"1184",1184,634670.482480655,3927957.42946264
"1185",1185,634670.482480655,3927957.42946264
"1186",1186,634670.482480655,3927957.42946264
"1187",1187,634670.482480655,3927957.42946264
"1188",1188,634670.482480655,3927957.42946264
"1189",1189,634670.482480655,3927957.42946264
"1190",1190,634670.482480655,3927957.42946264
"1191",1191,634670.482480655,3927957.42946264
"1192",1192,634670.482480655,3927957.42946264
"1193",1193,634670.482480655,3927957.42946264
"1194",1194,634670.482480655,3927957.42946264
"1195",1195,634670.482480655,3927957.42946264
"1196",1196,634670.482480655,3927957.42946264
"1197",1197,634670.482480655,3927957.42946264
"1198",1198,634670.482480655,3927957.42946264
"1199",1199,634670.482480655,3927957.42946264
"1200",1200,634670.482480655,3927957.42946264
"1201",1201,634951.032431911,3927956.10756315
"1202",1202,634951.032431911,3927956.10756315
"1203",1203,634951.032431911,3927956.10756315
"1204",1204,634951.032431911,3927956.10756315
"1205",1205,634951.032431911,3927956.10756315
"1206",1206,634951.032431911,3927956.10756315
"1207",1207,634951.032431911,3927956.10756315
"1208",1208,634951.032431911,3927956.10756315
"1209",1209,634951.032431911,3927956.10756315
"1210",1210,634951.032431911,3927956.10756315
"1211",1211,634951.032431911,3927956.10756315
"1212",1212,634951.032431911,3927956.10756315
"1213",1213,635141.040961615,3927892.40854739
"1214",1214,635141.040961615,3927892.40854739
"1215",1215,635141.040961615,3927892.40854739
"1216",1216,635141.040961615,3927892.40854739
"1217",1217,635141.040961615,3927892.40854739
"1218",1218,635141.040961615,3927892.40854739
"1219",1219,635141.040961615,3927892.40854739
"1220",1220,635141.040961615,3927892.40854739
"1221",1221,635141.040961615,3927892.40854739
"1222",1222,635141.040961615,3927892.40854739
"1223",1223,635141.040961615,3927892.40854739
"1224",1224,635141.040961615,3927892.40854739
"1225",1225,635141.040961615,3927892.40854739
"1226",1226,635141.040961615,3927892.40854739
"1227",1227,635141.040961615,3927892.40854739
"1228",1228,635141.040961615,3927892.40854739
"1229",1229,635141.040961615,3927892.40854739
"1230",1230,635141.040961615,3927892.40854739
"1231",1231,635141.040961615,3927892.40854739
"1232",1232,635141.040961615,3927892.40854739
"1233",1233,635141.040961615,3927892.40854739
"1234",1234,635141.040961615,3927892.40854739
"1235",1235,635141.040961615,3927892.40854739
"1236",1236,635141.040961615,3927892.40854739
"1237",1237,635391.917894894,3927803.75089463
"1238",1238,635391.917894894,3927803.75089463
"1239",1239,635391.917894894,3927803.75089463
"1240",1240,635391.917894894,3927803.75089463
"1241",1241,635391.917894894,3927803.75089463
"1242",1242,635391.917894894,3927803.75089463
"1243",1243,635391.917894894,3927803.75089463
"1244",1244,635391.917894894,3927803.75089463
"1245",1245,635391.917894894,3927803.75089463
"1246",1246,635391.917894894,3927803.75089463
"1247",1247,635391.917894894,3927803.75089463
"1248",1248,635391.917894894,3927803.75089463
"1249",1249,635606.651561924,3927705.29983589
"1250",1250,635606.651561924,3927705.29983589
"1251",1251,635606.651561924,3927705.29983589
"1252",1252,635606.651561924,3927705.29983589
"1253",1253,635606.651561924,3927705.29983589
"1254",1254,635606.651561924,3927705.29983589
"1255",1255,635606.651561924,3927705.29983589
"1256",1256,635606.651561924,3927705.29983589
"1257",1257,635606.651561924,3927705.29983589
"1258",1258,635606.651561924,3927705.29983589
"1259",1259,635606.651561924,3927705.29983589
"1260",1260,635606.651561924,3927705.29983589
"1261",1261,635606.651561924,3927705.29983589
"1262",1262,635606.651561924,3927705.29983589
"1263",1263,635606.651561924,3927705.29983589
"1264",1264,635606.651561924,3927705.29983589
"1265",1265,635606.651561924,3927705.29983589
"1266",1266,635606.651561924,3927705.29983589
"1267",1267,635606.651561924,3927705.29983589
"1268",1268,635606.651561924,3927705.29983589
"1269",1269,635606.651561924,3927705.29983589
"1270",1270,635606.651561924,3927705.29983589
"1271",1271,635606.651561924,3927705.29983589
"1272",1272,635606.651561924,3927705.29983589
"1273",1273,635776.253002334,3927591.38040594
"1274",1274,635776.253002334,3927591.38040594
"1275",1275,635776.253002334,3927591.38040594
"1276",1276,635776.253002334,3927591.38040594
"1277",1277,635776.253002334,3927591.38040594
"1278",1278,635776.253002334,3927591.38040594
"1279",1279,635776.253002334,3927591.38040594
"1280",1280,635776.253002334,3927591.38040594
"1281",1281,635776.253002334,3927591.38040594
"1282",1282,635776.253002334,3927591.38040594
"1283",1283,635776.253002334,3927591.38040594
"1284",1284,635776.253002334,3927591.38040594
"1285",1285,635914.919538657,3927323.52678048
"1286",1286,635914.919538657,3927323.52678048
"1287",1287,635914.919538657,3927323.52678048
"1288",1288,635914.919538657,3927323.52678048
"1289",1289,635914.919538657,3927323.52678048
"1290",1290,635914.919538657,3927323.52678048
"1291",1291,635914.919538657,3927323.52678048
"1292",1292,635914.919538657,3927323.52678048
"1293",1293,635914.919538657,3927323.52678048
"1294",1294,635914.919538657,3927323.52678048
"1295",1295,635914.919538657,3927323.52678048
"1296",1296,635914.919538657,3927323.52678048
"1297",1297,635914.919538657,3927323.52678048
"1298",1298,635914.919538657,3927323.52678048
"1299",1299,635914.919538657,3927323.52678048
"1300",1300,635914.919538657,3927323.52678048
"1301",1301,635914.919538657,3927323.52678048
"1302",1302,635914.919538657,3927323.52678048
"1303",1303,635914.919538657,3927323.52678048
"1304",1304,635914.919538657,3927323.52678048
"1305",1305,635914.919538657,3927323.52678048
"1306",1306,635914.919538657,3927323.52678048
"1307",1307,635914.919538657,3927323.52678048
"1308",1308,635914.919538657,3927323.52678048
"1309",1309,636168.010577533,3927190.54621616
"1310",1310,636168.010577533,3927190.54621616
"1311",1311,636168.010577533,3927190.54621616
"1312",1312,636168.010577533,3927190.54621616
"1313",1313,636168.010577533,3927190.54621616
"1314",1314,636168.010577533,3927190.54621616
"1315",1315,636168.010577533,3927190.54621616
"1316",1316,636168.010577533,3927190.54621616
"1317",1317,636168.010577533,3927190.54621616
"1318",1318,636168.010577533,3927190.54621616
"1319",1319,636168.010577533,3927190.54621616
"1320",1320,636168.010577533,3927190.54621616
"1321",1321,631599.278358823,3928451.66646388
"1322",1322,631599.278358823,3928451.66646388
"1323",1323,631599.278358823,3928451.66646388
"1324",1324,631599.278358823,3928451.66646388
"1325",1325,631599.278358823,3928451.66646388
"1326",1326,631599.278358823,3928451.66646388
"1327",1327,631599.278358823,3928451.66646388
"1328",1328,631599.278358823,3928451.66646388
"1329",1329,631599.278358823,3928451.66646388
"1330",1330,631599.278358823,3928451.66646388
"1331",1331,631599.278358823,3928451.66646388
"1332",1332,631599.278358823,3928451.66646388
"1333",1333,631919.628041403,3928827.1145413
"1334",1334,631919.628041403,3928827.1145413
"1335",1335,631919.628041403,3928827.1145413
"1336",1336,631919.628041403,3928827.1145413
"1337",1337,631919.628041403,3928827.1145413
"1338",1338,631919.628041403,3928827.1145413
"1339",1339,631919.628041403,3928827.1145413
"1340",1340,631919.628041403,3928827.1145413
"1341",1341,631919.628041403,3928827.1145413
"1342",1342,631919.628041403,3928827.1145413
"1343",1343,631919.628041403,3928827.1145413
"1344",1344,631919.628041403,3928827.1145413
"1345",1345,631919.628041403,3928827.1145413
"1346",1346,631919.628041403,3928827.1145413
"1347",1347,631919.628041403,3928827.1145413
"1348",1348,631919.628041403,3928827.1145413
"1349",1349,631919.628041403,3928827.1145413
"1350",1350,631919.628041403,3928827.1145413
"1351",1351,631919.628041403,3928827.1145413
"1352",1352,631919.628041403,3928827.1145413
"1353",1353,631919.628041403,3928827.1145413
"1354",1354,631919.628041403,3928827.1145413
"1355",1355,631919.628041403,3928827.1145413
"1356",1356,631919.628041403,3928827.1145413
"1357",1357,632364.634155076,3929206.26032945
"1358",1358,632364.634155076,3929206.26032945
"1359",1359,632364.634155076,3929206.26032945
"1360",1360,632364.634155076,3929206.26032945
"1361",1361,632364.634155076,3929206.26032945
"1362",1362,632364.634155076,3929206.26032945
"1363",1363,632364.634155076,3929206.26032945
"1364",1364,632364.634155076,3929206.26032945
"1365",1365,632364.634155076,3929206.26032945
"1366",1366,632364.634155076,3929206.26032945
"1367",1367,632364.634155076,3929206.26032945
"1368",1368,632364.634155076,3929206.26032945
"1369",1369,632715.355456691,3929415.77680357
"1370",1370,632715.355456691,3929415.77680357
"1371",1371,632715.355456691,3929415.77680357
"1372",1372,632715.355456691,3929415.77680357
"1373",1373,632715.355456691,3929415.77680357
"1374",1374,632715.355456691,3929415.77680357
"1375",1375,632715.355456691,3929415.77680357
"1376",1376,632715.355456691,3929415.77680357
"1377",1377,632715.355456691,3929415.77680357
"1378",1378,632715.355456691,3929415.77680357
"1379",1379,632715.355456691,3929415.77680357
"1380",1380,632715.355456691,3929415.77680357
"1381",1381,632715.355456691,3929415.77680357
"1382",1382,632715.355456691,3929415.77680357
"1383",1383,632715.355456691,3929415.77680357
"1384",1384,632715.355456691,3929415.77680357
"1385",1385,632715.355456691,3929415.77680357
"1386",1386,632715.355456691,3929415.77680357
"1387",1387,632715.355456691,3929415.77680357
"1388",1388,632715.355456691,3929415.77680357
"1389",1389,632715.355456691,3929415.77680357
"1390",1390,632715.355456691,3929415.77680357
"1391",1391,632715.355456691,3929415.77680357
"1392",1392,632715.355456691,3929415.77680357
"1393",1393,633236.254567031,3929670.36469324
"1394",1394,633236.254567031,3929670.36469324
"1395",1395,633236.254567031,3929670.36469324
"1396",1396,633236.254567031,3929670.36469324
"1397",1397,633236.254567031,3929670.36469324
"1398",1398,633236.254567031,3929670.36469324
"1399",1399,633236.254567031,3929670.36469324
"1400",1400,633236.254567031,3929670.36469324
"1401",1401,633236.254567031,3929670.36469324
"1402",1402,633236.254567031,3929670.36469324
"1403",1403,633236.254567031,3929670.36469324
"1404",1404,633236.254567031,3929670.36469324
"1405",1405,633741.201057178,3929775.89450118
"1406",1406,633741.201057178,3929775.89450118
"1407",1407,633741.201057178,3929775.89450118
"1408",1408,633741.201057178,3929775.89450118
"1409",1409,633741.201057178,3929775.89450118
"1410",1410,633741.201057178,3929775.89450118
"1411",1411,633741.201057178,3929775.89450118
"1412",1412,633741.201057178,3929775.89450118
"1413",1413,633741.201057178,3929775.89450118
"1414",1414,633741.201057178,3929775.89450118
"1415",1415,633741.201057178,3929775.89450118
"1416",1416,633741.201057178,3929775.89450118
"1417",1417,633741.201057178,3929775.89450118
"1418",1418,633741.201057178,3929775.89450118
"1419",1419,633741.201057178,3929775.89450118
"1420",1420,633741.201057178,3929775.89450118
"1421",1421,633741.201057178,3929775.89450118
"1422",1422,633741.201057178,3929775.89450118
"1423",1423,633741.201057178,3929775.89450118
"1424",1424,633741.201057178,3929775.89450118
"1425",1425,633741.201057178,3929775.89450118
"1426",1426,633741.201057178,3929775.89450118
"1427",1427,633741.201057178,3929775.89450118
"1428",1428,633741.201057178,3929775.89450118
"1429",1429,634132.790481168,3929877.91124479
"1430",1430,634132.790481168,3929877.91124479
"1431",1431,634132.790481168,3929877.91124479
"1432",1432,634132.790481168,3929877.91124479
"1433",1433,634132.790481168,3929877.91124479
"1434",1434,634132.790481168,3929877.91124479
"1435",1435,634132.790481168,3929877.91124479
"1436",1436,634132.790481168,3929877.91124479
"1437",1437,634132.790481168,3929877.91124479
"1438",1438,634132.790481168,3929877.91124479
"1439",1439,634132.790481168,3929877.91124479
"1440",1440,634132.790481168,3929877.91124479
"1441",1441,634640.483555905,3929900.32687074
"1442",1442,634640.483555905,3929900.32687074
"1443",1443,634640.483555905,3929900.32687074
"1444",1444,634640.483555905,3929900.32687074
"1445",1445,634640.483555905,3929900.32687074
"1446",1446,634640.483555905,3929900.32687074
"1447",1447,634640.483555905,3929900.32687074
"1448",1448,634640.483555905,3929900.32687074
"1449",1449,634640.483555905,3929900.32687074
"1450",1450,634640.483555905,3929900.32687074
"1451",1451,634640.483555905,3929900.32687074
"1452",1452,634640.483555905,3929900.32687074
"1453",1453,634640.483555905,3929900.32687074
"1454",1454,634640.483555905,3929900.32687074
"1455",1455,634640.483555905,3929900.32687074
"1456",1456,634640.483555905,3929900.32687074
"1457",1457,634640.483555905,3929900.32687074
"1458",1458,634640.483555905,3929900.32687074
"1459",1459,634640.483555905,3929900.32687074
"1460",1460,634640.483555905,3929900.32687074
"1461",1461,634640.483555905,3929900.32687074
"1462",1462,634640.483555905,3929900.32687074
"1463",1463,634640.483555905,3929900.32687074
"1464",1464,634640.483555905,3929900.32687074
"1465",1465,635018.846119883,3929876.44119574
"1466",1466,635018.846119883,3929876.44119574
"1467",1467,635018.846119883,3929876.44119574
"1468",1468,635018.846119883,3929876.44119574
"1469",1469,635018.846119883,3929876.44119574
"1470",1470,635018.846119883,3929876.44119574
"1471",1471,635018.846119883,3929876.44119574
"1472",1472,635018.846119883,3929876.44119574
"1473",1473,635018.846119883,3929876.44119574
"1474",1474,635018.846119883,3929876.44119574
"1475",1475,635018.846119883,3929876.44119574
"1476",1476,635018.846119883,3929876.44119574
"1477",1477,635490.066682376,3929861.37727347
"1478",1478,635490.066682376,3929861.37727347
"1479",1479,635490.066682376,3929861.37727347
"1480",1480,635490.066682376,3929861.37727347
"1481",1481,635490.066682376,3929861.37727347
"1482",1482,635490.066682376,3929861.37727347
"1483",1483,635490.066682376,3929861.37727347
"1484",1484,635490.066682376,3929861.37727347
"1485",1485,635490.066682376,3929861.37727347
"1486",1486,635490.066682376,3929861.37727347
"1487",1487,635490.066682376,3929861.37727347
"1488",1488,635490.066682376,3929861.37727347
"1489",1489,635490.066682376,3929861.37727347
"1490",1490,635490.066682376,3929861.37727347
"1491",1491,635490.066682376,3929861.37727347
"1492",1492,635490.066682376,3929861.37727347
"1493",1493,635490.066682376,3929861.37727347
"1494",1494,635490.066682376,3929861.37727347
"1495",1495,635490.066682376,3929861.37727347
"1496",1496,635490.066682376,3929861.37727347
"1497",1497,635490.066682376,3929861.37727347
"1498",1498,635490.066682376,3929861.37727347
"1499",1499,635490.066682376,3929861.37727347
"1500",1500,635490.066682376,3929861.37727347
"1501",1501,635953.036983839,3929692.7445458
"1502",1502,635953.036983839,3929692.7445458
"1503",1503,635953.036983839,3929692.7445458
"1504",1504,635953.036983839,3929692.7445458
"1505",1505,635953.036983839,3929692.7445458
"1506",1506,635953.036983839,3929692.7445458
"1507",1507,635953.036983839,3929692.7445458
"1508",1508,635953.036983839,3929692.7445458
"1509",1509,635953.036983839,3929692.7445458
"1510",1510,635953.036983839,3929692.7445458
"1511",1511,635953.036983839,3929692.7445458
"1512",1512,635953.036983839,3929692.7445458
"1513",1513,636544.38406511,3929485.41030467
"1514",1514,636544.38406511,3929485.41030467
"1515",1515,636544.38406511,3929485.41030467
"1516",1516,636544.38406511,3929485.41030467
"1517",1517,636544.38406511,3929485.41030467
"1518",1518,636544.38406511,3929485.41030467
"1519",1519,636544.38406511,3929485.41030467
"1520",1520,636544.38406511,3929485.41030467
"1521",1521,636544.38406511,3929485.41030467
"1522",1522,636544.38406511,3929485.41030467
"1523",1523,636544.38406511,3929485.41030467
"1524",1524,636544.38406511,3929485.41030467
"1525",1525,636544.38406511,3929485.41030467
"1526",1526,636544.38406511,3929485.41030467
"1527",1527,636544.38406511,3929485.41030467
"1528",1528,636544.38406511,3929485.41030467
"1529",1529,636544.38406511,3929485.41030467
"1530",1530,636544.38406511,3929485.41030467
"1531",1531,636544.38406511,3929485.41030467
"1532",1532,636544.38406511,3929485.41030467
"1533",1533,636544.38406511,3929485.41030467
"1534",1534,636544.38406511,3929485.41030467
"1535",1535,636544.38406511,3929485.41030467
"1536",1536,636544.38406511,3929485.41030467
"1537",1537,637001.053778476,3929089.29875744
"1538",1538,637001.053778476,3929089.29875744
"1539",1539,637001.053778476,3929089.29875744
"1540",1540,637001.053778476,3929089.29875744
"1541",1541,637001.053778476,3929089.29875744
"1542",1542,637001.053778476,3929089.29875744
"1543",1543,637001.053778476,3929089.29875744
"1544",1544,637001.053778476,3929089.29875744
"1545",1545,637001.053778476,3929089.29875744
"1546",1546,637001.053778476,3929089.29875744
"1547",1547,637001.053778476,3929089.29875744
"1548",1548,637001.053778476,3929089.29875744
"1549",1549,637374.734258867,3928880.52850656
"1550",1550,637374.734258867,3928880.52850656
"1551",1551,637374.734258867,3928880.52850656
"1552",1552,637374.734258867,3928880.52850656
"1553",1553,637374.734258867,3928880.52850656
"1554",1554,637374.734258867,3928880.52850656
"1555",1555,637374.734258867,3928880.52850656
"1556",1556,637374.734258867,3928880.52850656
"1557",1557,637374.734258867,3928880.52850656
"1558",1558,637374.734258867,3928880.52850656
"1559",1559,637374.734258867,3928880.52850656
"1560",1560,637374.734258867,3928880.52850656
"1561",1561,637374.734258867,3928880.52850656
"1562",1562,637374.734258867,3928880.52850656
"1563",1563,637374.734258867,3928880.52850656
"1564",1564,637374.734258867,3928880.52850656
"1565",1565,637374.734258867,3928880.52850656
"1566",1566,637374.734258867,3928880.52850656
"1567",1567,637374.734258867,3928880.52850656
"1568",1568,637374.734258867,3928880.52850656
"1569",1569,637374.734258867,3928880.52850656
"1570",1570,637374.734258867,3928880.52850656
"1571",1571,637374.734258867,3928880.52850656
"1572",1572,637374.734258867,3928880.52850656
"1573",1573,637784.735485961,3928376.48815238
"1574",1574,637784.735485961,3928376.48815238
"1575",1575,637784.735485961,3928376.48815238
"1576",1576,637784.735485961,3928376.48815238
"1577",1577,637784.735485961,3928376.48815238
"1578",1578,637784.735485961,3928376.48815238
"1579",1579,637784.735485961,3928376.48815238
"1580",1580,637784.735485961,3928376.48815238
"1581",1581,637784.735485961,3928376.48815238
"1582",1582,637784.735485961,3928376.48815238
"1583",1583,637784.735485961,3928376.48815238
"1584",1584,637784.735485961,3928376.48815238
"1585",1585,634546.069544463,3926015.16777624
"1586",1586,634546.069544463,3926015.16777624
"1587",1587,634546.069544463,3926015.16777624
"1588",1588,634546.069544463,3926015.16777624
"1589",1589,634546.069544463,3926015.16777624
"1590",1590,634546.069544463,3926015.16777624
"1591",1591,634546.069544463,3926015.16777624
"1592",1592,634546.069544463,3926015.16777624
"1593",1593,634546.069544463,3926015.16777624
"1594",1594,634546.069544463,3926015.16777624
"1595",1595,634546.069544463,3926015.16777624
"1596",1596,634546.069544463,3926015.16777624
"1597",1597,634546.069544463,3926015.16777624
"1598",1598,634546.069544463,3926015.16777624
"1599",1599,634546.069544463,3926015.16777624
"1600",1600,634546.069544463,3926015.16777624
"1601",1601,634546.069544463,3926015.16777624
"1602",1602,634546.069544463,3926015.16777624
"1603",1603,634546.069544463,3926015.16777624
"1604",1604,634546.069544463,3926015.16777624
"1605",1605,634546.069544463,3926015.16777624
"1606",1606,634546.069544463,3926015.16777624
"1607",1607,634546.069544463,3926015.16777624
"1608",1608,634546.069544463,3926015.16777624
"1609",1609,634766.724030937,3926056.10550049
"1610",1610,634766.724030937,3926056.10550049
"1611",1611,634766.724030937,3926056.10550049
"1612",1612,634766.724030937,3926056.10550049
"1613",1613,634766.724030937,3926056.10550049
"1614",1614,634766.724030937,3926056.10550049
"1615",1615,634766.724030937,3926056.10550049
"1616",1616,634766.724030937,3926056.10550049
"1617",1617,634766.724030937,3926056.10550049
"1618",1618,634766.724030937,3926056.10550049
"1619",1619,634766.724030937,3926056.10550049
"1620",1620,634766.724030937,3926056.10550049
"1621",1621,634766.724030937,3926056.10550049
"1622",1622,634766.724030937,3926056.10550049
"1623",1623,634766.724030937,3926056.10550049
"1624",1624,634766.724030937,3926056.10550049
"1625",1625,634766.724030937,3926056.10550049
"1626",1626,634766.724030937,3926056.10550049
"1627",1627,634766.724030937,3926056.10550049
"1628",1628,634766.724030937,3926056.10550049
"1629",1629,634766.724030937,3926056.10550049
"1630",1630,634766.724030937,3926056.10550049
"1631",1631,634766.724030937,3926056.10550049
"1632",1632,634766.724030937,3926056.10550049
"1633",1633,634635.45130089,3926179.24076401
"1634",1634,634635.45130089,3926179.24076401
"1635",1635,634635.45130089,3926179.24076401
"1636",1636,634635.45130089,3926179.24076401
"1637",1637,634635.45130089,3926179.24076401
"1638",1638,634635.45130089,3926179.24076401
"1639",1639,634635.45130089,3926179.24076401
"1640",1640,634635.45130089,3926179.24076401
"1641",1641,634635.45130089,3926179.24076401
"1642",1642,634635.45130089,3926179.24076401
"1643",1643,634635.45130089,3926179.24076401
"1644",1644,634635.45130089,3926179.24076401
"1645",1645,634635.45130089,3926179.24076401
"1646",1646,634635.45130089,3926179.24076401
"1647",1647,634635.45130089,3926179.24076401
"1648",1648,634635.45130089,3926179.24076401
"1649",1649,634635.45130089,3926179.24076401
"1650",1650,634635.45130089,3926179.24076401
"1651",1651,634635.45130089,3926179.24076401
"1652",1652,634635.45130089,3926179.24076401
"1653",1653,634635.45130089,3926179.24076401
"1654",1654,634635.45130089,3926179.24076401
"1655",1655,634635.45130089,3926179.24076401
"1656",1656,634635.45130089,3926179.24076401
"1657",1657,634578.488349128,3926213.30925269
"1658",1658,634578.488349128,3926213.30925269
"1659",1659,634578.488349128,3926213.30925269
"1660",1660,634578.488349128,3926213.30925269
"1661",1661,634578.488349128,3926213.30925269
"1662",1662,634578.488349128,3926213.30925269
"1663",1663,634578.488349128,3926213.30925269
"1664",1664,634578.488349128,3926213.30925269
"1665",1665,634578.488349128,3926213.30925269
"1666",1666,634578.488349128,3926213.30925269
"1667",1667,634578.488349128,3926213.30925269
"1668",1668,634578.488349128,3926213.30925269
"1669",1669,634578.488349128,3926213.30925269
"1670",1670,634578.488349128,3926213.30925269
"1671",1671,634578.488349128,3926213.30925269
"1672",1672,634578.488349128,3926213.30925269
"1673",1673,634578.488349128,3926213.30925269
"1674",1674,634578.488349128,3926213.30925269
"1675",1675,634578.488349128,3926213.30925269
"1676",1676,634578.488349128,3926213.30925269
"1677",1677,634578.488349128,3926213.30925269
"1678",1678,634578.488349128,3926213.30925269
"1679",1679,634578.488349128,3926213.30925269
"1680",1680,634578.488349128,3926213.30925269
"1681",1681,634715.677092517,3926203.62290547
"1682",1682,634715.677092517,3926203.62290547
"1683",1683,634715.677092517,3926203.62290547
"1684",1684,634715.677092517,3926203.62290547
"1685",1685,634715.677092517,3926203.62290547
"1686",1686,634715.677092517,3926203.62290547
"1687",1687,634715.677092517,3926203.62290547
"1688",1688,634715.677092517,3926203.62290547
"1689",1689,634715.677092517,3926203.62290547
"1690",1690,634715.677092517,3926203.62290547
"1691",1691,634715.677092517,3926203.62290547
"1692",1692,634715.677092517,3926203.62290547
"1693",1693,634715.677092517,3926203.62290547
"1694",1694,634715.677092517,3926203.62290547
"1695",1695,634715.677092517,3926203.62290547
"1696",1696,634715.677092517,3926203.62290547
"1697",1697,634715.677092517,3926203.62290547
"1698",1698,634715.677092517,3926203.62290547
"1699",1699,634715.677092517,3926203.62290547
"1700",1700,634715.677092517,3926203.62290547
"1701",1701,634715.677092517,3926203.62290547
"1702",1702,634715.677092517,3926203.62290547
"1703",1703,634715.677092517,3926203.62290547
"1704",1704,634715.677092517,3926203.62290547
"1705",1705,634773.308368587,3926167.40194624
"1706",1706,634773.308368587,3926167.40194624
"1707",1707,634773.308368587,3926167.40194624
"1708",1708,634773.308368587,3926167.40194624
"1709",1709,634773.308368587,3926167.40194624
"1710",1710,634773.308368587,3926167.40194624
"1711",1711,634773.308368587,3926167.40194624
"1712",1712,634773.308368587,3926167.40194624
"1713",1713,634773.308368587,3926167.40194624
"1714",1714,634773.308368587,3926167.40194624
"1715",1715,634773.308368587,3926167.40194624
"1716",1716,634773.308368587,3926167.40194624
"1717",1717,634773.308368587,3926167.40194624
"1718",1718,634773.308368587,3926167.40194624
"1719",1719,634773.308368587,3926167.40194624
"1720",1720,634773.308368587,3926167.40194624
"1721",1721,634773.308368587,3926167.40194624
"1722",1722,634773.308368587,3926167.40194624
"1723",1723,634773.308368587,3926167.40194624
"1724",1724,634773.308368587,3926167.40194624
"1725",1725,634773.308368587,3926167.40194624
"1726",1726,634773.308368587,3926167.40194624
"1727",1727,634773.308368587,3926167.40194624
"1728",1728,634773.308368587,3926167.40194624
"1729",1729,634453.565057332,3926300.73030458
"1730",1730,634453.565057332,3926300.73030458
"1731",1731,634453.565057332,3926300.73030458
"1732",1732,634453.565057332,3926300.73030458
"1733",1733,634453.565057332,3926300.73030458
"1734",1734,634453.565057332,3926300.73030458
"1735",1735,634453.565057332,3926300.73030458
"1736",1736,634453.565057332,3926300.73030458
"1737",1737,634453.565057332,3926300.73030458
"1738",1738,634453.565057332,3926300.73030458
"1739",1739,634453.565057332,3926300.73030458
"1740",1740,634453.565057332,3926300.73030458
"1741",1741,634453.565057332,3926300.73030458
"1742",1742,634453.565057332,3926300.73030458
"1743",1743,634453.565057332,3926300.73030458
"1744",1744,634453.565057332,3926300.73030458
"1745",1745,634453.565057332,3926300.73030458
"1746",1746,634453.565057332,3926300.73030458
"1747",1747,634453.565057332,3926300.73030458
"1748",1748,634453.565057332,3926300.73030458
"1749",1749,634453.565057332,3926300.73030458
"1750",1750,634453.565057332,3926300.73030458
"1751",1751,634453.565057332,3926300.73030458
"1752",1752,634453.565057332,3926300.73030458
"1753",1753,634547.552082652,3926303.14024407
"1754",1754,634547.552082652,3926303.14024407
"1755",1755,634547.552082652,3926303.14024407
"1756",1756,634547.552082652,3926303.14024407
"1757",1757,634547.552082652,3926303.14024407
"1758",1758,634547.552082652,3926303.14024407
"1759",1759,634547.552082652,3926303.14024407
"1760",1760,634547.552082652,3926303.14024407
"1761",1761,634547.552082652,3926303.14024407
"1762",1762,634547.552082652,3926303.14024407
"1763",1763,634547.552082652,3926303.14024407
"1764",1764,634547.552082652,3926303.14024407
"1765",1765,634547.552082652,3926303.14024407
"1766",1766,634547.552082652,3926303.14024407
"1767",1767,634547.552082652,3926303.14024407
"1768",1768,634547.552082652,3926303.14024407
"1769",1769,634547.552082652,3926303.14024407
"1770",1770,634547.552082652,3926303.14024407
"1771",1771,634547.552082652,3926303.14024407
"1772",1772,634547.552082652,3926303.14024407
"1773",1773,634547.552082652,3926303.14024407
"1774",1774,634547.552082652,3926303.14024407
"1775",1775,634547.552082652,3926303.14024407
"1776",1776,634547.552082652,3926303.14024407
"1777",1777,634697.174538553,3926287.31676803
"1778",1778,634697.174538553,3926287.31676803
"1779",1779,634697.174538553,3926287.31676803
"1780",1780,634697.174538553,3926287.31676803
"1781",1781,634697.174538553,3926287.31676803
"1782",1782,634697.174538553,3926287.31676803
"1783",1783,634697.174538553,3926287.31676803
"1784",1784,634697.174538553,3926287.31676803
"1785",1785,634697.174538553,3926287.31676803
"1786",1786,634697.174538553,3926287.31676803
"1787",1787,634697.174538553,3926287.31676803
"1788",1788,634697.174538553,3926287.31676803
"1789",1789,634697.174538553,3926287.31676803
"1790",1790,634697.174538553,3926287.31676803
"1791",1791,634697.174538553,3926287.31676803
"1792",1792,634697.174538553,3926287.31676803
"1793",1793,634697.174538553,3926287.31676803
"1794",1794,634697.174538553,3926287.31676803
"1795",1795,634697.174538553,3926287.31676803
"1796",1796,634697.174538553,3926287.31676803
"1797",1797,634697.174538553,3926287.31676803
"1798",1798,634697.174538553,3926287.31676803
"1799",1799,634697.174538553,3926287.31676803
"1800",1800,634697.174538553,3926287.31676803
